[{"model": "contenttypes.contenttype", "pk": 1, "fields": {"app_label": "admin", "model": "logentry"}}, {"model": "contenttypes.contenttype", "pk": 2, "fields": {"app_label": "auth", "model": "permission"}}, {"model": "contenttypes.contenttype", "pk": 3, "fields": {"app_label": "auth", "model": "user"}}, {"model": "contenttypes.contenttype", "pk": 4, "fields": {"app_label": "auth", "model": "group"}}, {"model": "contenttypes.contenttype", "pk": 5, "fields": {"app_label": "contenttypes", "model": "contenttype"}}, {"model": "contenttypes.contenttype", "pk": 6, "fields": {"app_label": "sessions", "model": "session"}}, {"model": "contenttypes.contenttype", "pk": 7, "fields": {"app_label": "contacts", "model": "contact"}}, {"model": "contenttypes.contenttype", "pk": 8, "fields": {"app_label": "accounts", "model": "userprofile"}}, {"model": "contenttypes.contenttype", "pk": 9, "fields": {"app_label": "profiles", "model": "userprofile"}}, {"model": "contenttypes.contenttype", "pk": 10, "fields": {"app_label": "blog", "model": "post"}}, {"model": "contenttypes.contenttype", "pk": 11, "fields": {"app_label": "services", "model": "service"}}, {"model": "contenttypes.contenttype", "pk": 12, "fields": {"app_label": "services", "model": "video"}}, {"model": "contenttypes.contenttype", "pk": 13, "fields": {"app_label": "cart", "model": "cartitem"}}, {"model": "contenttypes.contenttype", "pk": 14, "fields": {"app_label": "sites", "model": "site"}}, {"model": "contenttypes.contenttype", "pk": 16, "fields": {"app_label": "djstripe", "model": "idempotencykey"}}, {"model": "contenttypes.contenttype", "pk": 17, "fields": {"app_label": "djstripe", "model": "payout"}}, {"model": "contenttypes.contenttype", "pk": 18, "fields": {"app_label": "djstripe", "model": "coupon"}}, {"model": "contenttypes.contenttype", "pk": 19, "fields": {"app_label": "djstripe", "model": "event"}}, {"model": "contenttypes.contenttype", "pk": 20, "fields": {"app_label": "djstripe", "model": "customer"}}, {"model": "contenttypes.contenttype", "pk": 21, "fields": {"app_label": "djstripe", "model": "subscription"}}, {"model": "contenttypes.contenttype", "pk": 22, "fields": {"app_label": "djstripe", "model": "plan"}}, {"model": "contenttypes.contenttype", "pk": 23, "fields": {"app_label": "djstripe", "model": "charge"}}, {"model": "contenttypes.contenttype", "pk": 24, "fields": {"app_label": "djstripe", "model": "transfer"}}, {"model": "contenttypes.contenttype", "pk": 25, "fields": {"app_label": "djstripe", "model": "invoiceitem"}}, {"model": "contenttypes.contenttype", "pk": 26, "fields": {"app_label": "djstripe", "model": "account"}}, {"model": "contenttypes.contenttype", "pk": 27, "fields": {"app_label": "djstripe", "model": "invoice"}}, {"model": "contenttypes.contenttype", "pk": 28, "fields": {"app_label": "djstripe", "model": "stripesource"}}, {"model": "contenttypes.contenttype", "pk": 29, "fields": {"app_label": "djstripe", "model": "eventprocessingexception"}}, {"model": "contenttypes.contenttype", "pk": 30, "fields": {"app_label": "djstripe", "model": "card"}}, {"model": "contenttypes.contenttype", "pk": 31, "fields": {"app_label": "djstripe", "model": "upcominginvoice"}}, {"model": "sessions.session", "pk": "8771hozo5z02nfaufa4086ya0246qyxq", "fields": {"session_data": "ZjY4YTE1OWMxNzQwYjE1N2Q2MjRlMTVhZjI4NTgxYTM1MDllYjJhZTp7Il9hdXRoX3VzZXJfaGFzaCI6ImQ3MzM2MjEzMDAzMDIzNzA3NzhlOGJiYTQxZGQ4ZjM5NGRkZDgzOTkiLCJfYXV0aF91c2VyX2JhY2tlbmQiOiJkamFuZ28uY29udHJpYi5hdXRoLmJhY2tlbmRzLk1vZGVsQmFja2VuZCIsIl9hdXRoX3VzZXJfaWQiOiIxIn0=", "expire_date": "2017-04-11T13:08:16.629Z"}}, {"model": "sessions.session", "pk": "bu7tcv2lot6l3v837rj482blkgdscbeq", "fields": {"session_data": "MzJhYjc3OWNhYjgxNjdmOTEyMWFlMWJkMjE2MGVlYjcwZDQ3Y2I2ODp7Il9hdXRoX3VzZXJfaGFzaCI6Ijk5MGNiNDIyMTk5YjRhZTA1NGY4ZTBjMzJjNGZkMDk1NzUyMjYzYTEiLCJfYXV0aF91c2VyX2JhY2tlbmQiOiJkamFuZ28uY29udHJpYi5hdXRoLmJhY2tlbmRzLk1vZGVsQmFja2VuZCIsIl9hdXRoX3VzZXJfaWQiOiIxNCJ9", "expire_date": "2017-04-13T08:50:43.130Z"}}, {"model": "sessions.session", "pk": "h083u4nlxa9dk4epp8dqulcim9arabal", "fields": {"session_data": "NTQ3MTQwNGMxMGFiZmYwMGQ3NzUzNjljMDgzNjY2YTAxMThlNjY5ZDp7Il9hdXRoX3VzZXJfaGFzaCI6IjY4NjM0OWNlYzc1ZjI5OWE5MjQ4OGVlZDQ1ZTJiNDM3ZmVmODM5ZmUiLCJfYXV0aF91c2VyX2JhY2tlbmQiOiJkamFuZ28uY29udHJpYi5hdXRoLmJhY2tlbmRzLk1vZGVsQmFja2VuZCIsIl9hdXRoX3VzZXJfaWQiOiIyNCJ9", "expire_date": "2017-09-29T15:10:39.766Z"}}, {"model": "sessions.session", "pk": "k9v29vkkh4g51zb2s753jeub0pf9m7m6", "fields": {"session_data": "MzIzNWJhOWNiMTRmZDQ2ZjBlMTFmZGUyNDhhN2QzMzY4MzdmOTExZjp7Il9hdXRoX3VzZXJfaGFzaCI6IjlhM2VlMmM3MmNmMTQ2YzljMmEyMGU0N2Q5YjRkNmFlODAwNmZmMTgiLCJfYXV0aF91c2VyX2JhY2tlbmQiOiJkamFuZ28uY29udHJpYi5hdXRoLmJhY2tlbmRzLk1vZGVsQmFja2VuZCIsIl9hdXRoX3VzZXJfaWQiOiIyNCJ9", "expire_date": "2017-10-24T12:47:23.875Z"}}, {"model": "sessions.session", "pk": "lyyw02mnw2elysu8m2kwgx1yuu5mbk84", "fields": {"session_data": "ZjMyNGYxZjI3YmIyZGRmZDkzMTVlNmQxYTI3NjBhNTg3MTFkYjcyMTp7Il9hdXRoX3VzZXJfaWQiOiIyNCIsIl9hdXRoX3VzZXJfaGFzaCI6IjgxYWRmOTMzNjFhMDExY2FhMDIzZGQ2NzBhNjQ1YTA1ZTM5MWUxYmEiLCJfYXV0aF91c2VyX2JhY2tlbmQiOiJkamFuZ28uY29udHJpYi5hdXRoLmJhY2tlbmRzLk1vZGVsQmFja2VuZCIsIl9tZXNzYWdlcyI6IltbXCJfX2pzb25fbWVzc2FnZVwiLDAsMjUsXCJZb3UgaGF2ZSBzdWNjZXNzZnVsbHkgbG9nZ2VkIG91dFwiXSxbXCJfX2pzb25fbWVzc2FnZVwiLDAsNDAsXCJZb3UgaGF2ZSBzdWNjZXNzZnVsbHkgbG9nZ2VkIGluXCJdLFtcIl9fanNvbl9tZXNzYWdlXCIsMCw0MCxcIldlIHdlcmUgdW5hYmxlIHRvIHRha2UgYSBwYXltZW50IHdpdGggdGhhdCBjYXJkIVwiXSxbXCJfX2pzb25fbWVzc2FnZVwiLDAsNDAsXCJXZSB3ZXJlIHVuYWJsZSB0byB0YWtlIGEgcGF5bWVudCB3aXRoIHRoYXQgY2FyZCFcIl0sW1wiX19qc29uX21lc3NhZ2VcIiwwLDQwLFwiV2Ugd2VyZSB1bmFibGUgdG8gdGFrZSBhIHBheW1lbnQgd2l0aCB0aGF0IGNhcmQhXCJdLFtcIl9fanNvbl9tZXNzYWdlXCIsMCw0MCxcIldlIHdlcmUgdW5hYmxlIHRvIHRha2UgYSBwYXltZW50IHdpdGggdGhhdCBjYXJkIVwiXSxbXCJfX2pzb25fbWVzc2FnZVwiLDAsNDAsXCJXZSB3ZXJlIHVuYWJsZSB0byB0YWtlIGEgcGF5bWVudCB3aXRoIHRoYXQgY2FyZCFcIl0sW1wiX19qc29uX21lc3NhZ2VcIiwwLDQwLFwiV2Ugd2VyZSB1bmFibGUgdG8gdGFrZSBhIHBheW1lbnQgd2l0aCB0aGF0IGNhcmQhXCJdLFtcIl9fanNvbl9tZXNzYWdlXCIsMCw0MCxcIldlIHdlcmUgdW5hYmxlIHRvIHRha2UgYSBwYXltZW50IHdpdGggdGhhdCBjYXJkIVwiXV0ifQ==", "expire_date": "2017-04-20T16:31:18.731Z"}}, {"model": "sites.site", "pk": 1, "fields": {"domain": "example.com", "name": "example.com"}}, {"model": "contacts.contact", "pk": 1, "fields": {"first_name": "Floh", "last_name": "Schmitz", "email": "Floh@Floryda.com", "height": 190, "weight": 100, "goals": "Lean bulk. General fitness and be able to lift more. Improve posture and lower back.", "photo": "images/Member_2.jpeg"}}, {"model": "contacts.contact", "pk": 2, "fields": {"first_name": "Marie-Therese", "last_name": "Schmitz", "email": "MiaMaria@Thresi.com", "height": 175, "weight": 65, "goals": "Run a half-marathon and loose weight. Improve overall fitness", "photo": "images/Member_1.jpg"}}, {"model": "contacts.contact", "pk": 3, "fields": {"first_name": "Mana", "last_name": "Sedigh", "email": "KathrinLSchmitz@gmail.com", "height": 178, "weight": 56, "goals": "Improve fitness levels and overall flexibility. Key is strength and conditioning", "photo": "images/Member_3.jpg"}}, {"model": "services.service", "pk": 1, "fields": {"name": "Body Transformation for Her", "description": "6 week plan to lean out and lose weight. \r\n3 training sessions a week and an initial and final assessment.", "price": "300", "photo": "photos/WomanLifting_2miBdt0.jpeg"}}, {"model": "services.service", "pk": 2, "fields": {"name": "Body Transformation for Him", "description": "6 week plan to lean out and lose weight. \r\n3 training sessions a week and an initial and final assessment.", "price": "300", "photo": "photos/ManLifting_xaHasVV.jpeg"}}, {"model": "services.service", "pk": 3, "fields": {"name": "Half-Marathon or Marathon Prep", "description": "9 month guided preparation including group and single training sessions. \r\n1 weekly training session and a bi-weekly coaching session. \r\nFull program for autonomous training.", "price": "750", "photo": "photos/Running_YF3g4bk.jpeg"}}, {"model": "services.service", "pk": 4, "fields": {"name": "Personal Training", "description": "Training session with a certified personal trainer.", "price": "35", "photo": "photos/PersonalTraining_1DoVUPU.jpeg"}}, {"model": "services.service", "pk": 5, "fields": {"name": "Hell and Back", "description": "The ultimate challenge for stamina mentally and physically. This prep training course is designed to enable you to compete in the obstacle course run. Given your choice and preference the training is aligned to which type of run you choose.", "price": "300", "photo": "photos/HnB.jpg"}}, {"model": "services.service", "pk": 6, "fields": {"name": "Functional Training", "description": "Got a bad back? Suffer from morning stiffness? Let's get you fixed with this customised plan using our specialised equipment: from TRX to bars to ball slams... 2hr assessment and induction training will leave you with a solid toolset to tackle these issues.", "price": "100", "photo": "photos/New_HQ.jpg"}}, {"model": "auth.permission", "pk": 1, "fields": {"name": "Can add log entry", "content_type": 1, "codename": "add_logentry"}}, {"model": "auth.permission", "pk": 2, "fields": {"name": "Can change log entry", "content_type": 1, "codename": "change_logentry"}}, {"model": "auth.permission", "pk": 3, "fields": {"name": "Can delete log entry", "content_type": 1, "codename": "delete_logentry"}}, {"model": "auth.permission", "pk": 4, "fields": {"name": "Can add permission", "content_type": 2, "codename": "add_permission"}}, {"model": "auth.permission", "pk": 5, "fields": {"name": "Can change permission", "content_type": 2, "codename": "change_permission"}}, {"model": "auth.permission", "pk": 6, "fields": {"name": "Can delete permission", "content_type": 2, "codename": "delete_permission"}}, {"model": "auth.permission", "pk": 7, "fields": {"name": "Can add user", "content_type": 3, "codename": "add_user"}}, {"model": "auth.permission", "pk": 8, "fields": {"name": "Can change user", "content_type": 3, "codename": "change_user"}}, {"model": "auth.permission", "pk": 9, "fields": {"name": "Can delete user", "content_type": 3, "codename": "delete_user"}}, {"model": "auth.permission", "pk": 10, "fields": {"name": "Can add group", "content_type": 4, "codename": "add_group"}}, {"model": "auth.permission", "pk": 11, "fields": {"name": "Can change group", "content_type": 4, "codename": "change_group"}}, {"model": "auth.permission", "pk": 12, "fields": {"name": "Can delete group", "content_type": 4, "codename": "delete_group"}}, {"model": "auth.permission", "pk": 13, "fields": {"name": "Can add content type", "content_type": 5, "codename": "add_contenttype"}}, {"model": "auth.permission", "pk": 14, "fields": {"name": "Can change content type", "content_type": 5, "codename": "change_contenttype"}}, {"model": "auth.permission", "pk": 15, "fields": {"name": "Can delete content type", "content_type": 5, "codename": "delete_contenttype"}}, {"model": "auth.permission", "pk": 16, "fields": {"name": "Can add session", "content_type": 6, "codename": "add_session"}}, {"model": "auth.permission", "pk": 17, "fields": {"name": "Can change session", "content_type": 6, "codename": "change_session"}}, {"model": "auth.permission", "pk": 18, "fields": {"name": "Can delete session", "content_type": 6, "codename": "delete_session"}}, {"model": "auth.permission", "pk": 19, "fields": {"name": "Can add contact", "content_type": 7, "codename": "add_contact"}}, {"model": "auth.permission", "pk": 20, "fields": {"name": "Can change contact", "content_type": 7, "codename": "change_contact"}}, {"model": "auth.permission", "pk": 21, "fields": {"name": "Can delete contact", "content_type": 7, "codename": "delete_contact"}}, {"model": "auth.permission", "pk": 22, "fields": {"name": "Can add user profile", "content_type": 8, "codename": "add_userprofile"}}, {"model": "auth.permission", "pk": 23, "fields": {"name": "Can change user profile", "content_type": 8, "codename": "change_userprofile"}}, {"model": "auth.permission", "pk": 24, "fields": {"name": "Can delete user profile", "content_type": 8, "codename": "delete_userprofile"}}, {"model": "auth.permission", "pk": 25, "fields": {"name": "Can add user profile", "content_type": 9, "codename": "add_userprofile"}}, {"model": "auth.permission", "pk": 26, "fields": {"name": "Can change user profile", "content_type": 9, "codename": "change_userprofile"}}, {"model": "auth.permission", "pk": 27, "fields": {"name": "Can delete user profile", "content_type": 9, "codename": "delete_userprofile"}}, {"model": "auth.permission", "pk": 28, "fields": {"name": "Can add post", "content_type": 10, "codename": "add_post"}}, {"model": "auth.permission", "pk": 29, "fields": {"name": "Can change post", "content_type": 10, "codename": "change_post"}}, {"model": "auth.permission", "pk": 30, "fields": {"name": "Can delete post", "content_type": 10, "codename": "delete_post"}}, {"model": "auth.permission", "pk": 31, "fields": {"name": "Can add service", "content_type": 11, "codename": "add_service"}}, {"model": "auth.permission", "pk": 32, "fields": {"name": "Can change service", "content_type": 11, "codename": "change_service"}}, {"model": "auth.permission", "pk": 33, "fields": {"name": "Can delete service", "content_type": 11, "codename": "delete_service"}}, {"model": "auth.permission", "pk": 34, "fields": {"name": "Can add video", "content_type": 12, "codename": "add_video"}}, {"model": "auth.permission", "pk": 35, "fields": {"name": "Can change video", "content_type": 12, "codename": "change_video"}}, {"model": "auth.permission", "pk": 36, "fields": {"name": "Can delete video", "content_type": 12, "codename": "delete_video"}}, {"model": "auth.permission", "pk": 37, "fields": {"name": "Can add cart item", "content_type": 13, "codename": "add_cartitem"}}, {"model": "auth.permission", "pk": 38, "fields": {"name": "Can change cart item", "content_type": 13, "codename": "change_cartitem"}}, {"model": "auth.permission", "pk": 39, "fields": {"name": "Can delete cart item", "content_type": 13, "codename": "delete_cartitem"}}, {"model": "auth.permission", "pk": 40, "fields": {"name": "Can add site", "content_type": 14, "codename": "add_site"}}, {"model": "auth.permission", "pk": 41, "fields": {"name": "Can change site", "content_type": 14, "codename": "change_site"}}, {"model": "auth.permission", "pk": 42, "fields": {"name": "Can delete site", "content_type": 14, "codename": "delete_site"}}, {"model": "auth.permission", "pk": 46, "fields": {"name": "Can add idempotency key", "content_type": 16, "codename": "add_idempotencykey"}}, {"model": "auth.permission", "pk": 47, "fields": {"name": "Can change idempotency key", "content_type": 16, "codename": "change_idempotencykey"}}, {"model": "auth.permission", "pk": 48, "fields": {"name": "Can delete idempotency key", "content_type": 16, "codename": "delete_idempotencykey"}}, {"model": "auth.permission", "pk": 49, "fields": {"name": "Can add payout", "content_type": 17, "codename": "add_payout"}}, {"model": "auth.permission", "pk": 50, "fields": {"name": "Can change payout", "content_type": 17, "codename": "change_payout"}}, {"model": "auth.permission", "pk": 51, "fields": {"name": "Can delete payout", "content_type": 17, "codename": "delete_payout"}}, {"model": "auth.permission", "pk": 52, "fields": {"name": "Can add coupon", "content_type": 18, "codename": "add_coupon"}}, {"model": "auth.permission", "pk": 53, "fields": {"name": "Can change coupon", "content_type": 18, "codename": "change_coupon"}}, {"model": "auth.permission", "pk": 54, "fields": {"name": "Can delete coupon", "content_type": 18, "codename": "delete_coupon"}}, {"model": "auth.permission", "pk": 55, "fields": {"name": "Can add event", "content_type": 19, "codename": "add_event"}}, {"model": "auth.permission", "pk": 56, "fields": {"name": "Can change event", "content_type": 19, "codename": "change_event"}}, {"model": "auth.permission", "pk": 57, "fields": {"name": "Can delete event", "content_type": 19, "codename": "delete_event"}}, {"model": "auth.permission", "pk": 58, "fields": {"name": "Can add customer", "content_type": 20, "codename": "add_customer"}}, {"model": "auth.permission", "pk": 59, "fields": {"name": "Can change customer", "content_type": 20, "codename": "change_customer"}}, {"model": "auth.permission", "pk": 60, "fields": {"name": "Can delete customer", "content_type": 20, "codename": "delete_customer"}}, {"model": "auth.permission", "pk": 61, "fields": {"name": "Can add subscription", "content_type": 21, "codename": "add_subscription"}}, {"model": "auth.permission", "pk": 62, "fields": {"name": "Can change subscription", "content_type": 21, "codename": "change_subscription"}}, {"model": "auth.permission", "pk": 63, "fields": {"name": "Can delete subscription", "content_type": 21, "codename": "delete_subscription"}}, {"model": "auth.permission", "pk": 64, "fields": {"name": "Can add plan", "content_type": 22, "codename": "add_plan"}}, {"model": "auth.permission", "pk": 65, "fields": {"name": "Can change plan", "content_type": 22, "codename": "change_plan"}}, {"model": "auth.permission", "pk": 66, "fields": {"name": "Can delete plan", "content_type": 22, "codename": "delete_plan"}}, {"model": "auth.permission", "pk": 67, "fields": {"name": "Can add charge", "content_type": 23, "codename": "add_charge"}}, {"model": "auth.permission", "pk": 68, "fields": {"name": "Can change charge", "content_type": 23, "codename": "change_charge"}}, {"model": "auth.permission", "pk": 69, "fields": {"name": "Can delete charge", "content_type": 23, "codename": "delete_charge"}}, {"model": "auth.permission", "pk": 70, "fields": {"name": "Can add transfer", "content_type": 24, "codename": "add_transfer"}}, {"model": "auth.permission", "pk": 71, "fields": {"name": "Can change transfer", "content_type": 24, "codename": "change_transfer"}}, {"model": "auth.permission", "pk": 72, "fields": {"name": "Can delete transfer", "content_type": 24, "codename": "delete_transfer"}}, {"model": "auth.permission", "pk": 73, "fields": {"name": "Can add invoice item", "content_type": 25, "codename": "add_invoiceitem"}}, {"model": "auth.permission", "pk": 74, "fields": {"name": "Can change invoice item", "content_type": 25, "codename": "change_invoiceitem"}}, {"model": "auth.permission", "pk": 75, "fields": {"name": "Can delete invoice item", "content_type": 25, "codename": "delete_invoiceitem"}}, {"model": "auth.permission", "pk": 76, "fields": {"name": "Can add account", "content_type": 26, "codename": "add_account"}}, {"model": "auth.permission", "pk": 77, "fields": {"name": "Can change account", "content_type": 26, "codename": "change_account"}}, {"model": "auth.permission", "pk": 78, "fields": {"name": "Can delete account", "content_type": 26, "codename": "delete_account"}}, {"model": "auth.permission", "pk": 79, "fields": {"name": "Can add invoice", "content_type": 27, "codename": "add_invoice"}}, {"model": "auth.permission", "pk": 80, "fields": {"name": "Can change invoice", "content_type": 27, "codename": "change_invoice"}}, {"model": "auth.permission", "pk": 81, "fields": {"name": "Can delete invoice", "content_type": 27, "codename": "delete_invoice"}}, {"model": "auth.permission", "pk": 82, "fields": {"name": "Can add stripe source", "content_type": 28, "codename": "add_stripesource"}}, {"model": "auth.permission", "pk": 83, "fields": {"name": "Can change stripe source", "content_type": 28, "codename": "change_stripesource"}}, {"model": "auth.permission", "pk": 84, "fields": {"name": "Can delete stripe source", "content_type": 28, "codename": "delete_stripesource"}}, {"model": "auth.permission", "pk": 85, "fields": {"name": "Can add event processing exception", "content_type": 29, "codename": "add_eventprocessingexception"}}, {"model": "auth.permission", "pk": 86, "fields": {"name": "Can change event processing exception", "content_type": 29, "codename": "change_eventprocessingexception"}}, {"model": "auth.permission", "pk": 87, "fields": {"name": "Can delete event processing exception", "content_type": 29, "codename": "delete_eventprocessingexception"}}, {"model": "auth.permission", "pk": 88, "fields": {"name": "Can add card", "content_type": 30, "codename": "add_card"}}, {"model": "auth.permission", "pk": 89, "fields": {"name": "Can change card", "content_type": 30, "codename": "change_card"}}, {"model": "auth.permission", "pk": 90, "fields": {"name": "Can delete card", "content_type": 30, "codename": "delete_card"}}, {"model": "auth.permission", "pk": 91, "fields": {"name": "Can add upcoming invoice", "content_type": 31, "codename": "add_upcominginvoice"}}, {"model": "auth.permission", "pk": 92, "fields": {"name": "Can change upcoming invoice", "content_type": 31, "codename": "change_upcominginvoice"}}, {"model": "auth.permission", "pk": 93, "fields": {"name": "Can delete upcoming invoice", "content_type": 31, "codename": "delete_upcominginvoice"}}, {"model": "auth.user", "pk": 17, "fields": {"password": "pbkdf2_sha256$30000$oAnwZRENbuSu$iLNHHrh4o1ylYKUY9K/XlpUX4O++W0nQacJcM8X8Lkk=", "last_login": "2017-03-31T09:31:15.152Z", "is_superuser": false, "username": "richard", "first_name": "Richard", "last_name": "Dalton", "email": "richard@example.com", "is_staff": false, "is_active": true, "date_joined": "2017-03-30T09:30:35.968Z", "groups": [], "user_permissions": []}}, {"model": "auth.user", "pk": 18, "fields": {"password": "pbkdf2_sha256$30000$9JHATzt8PTSM$BZvs6l/RfSpCFGFQSYzmsfs5zOSWY+HKZDtMBrwgp6Q=", "last_login": null, "is_superuser": false, "username": "bogrady", "first_name": "Brian", "last_name": "O'Grady", "email": "brian@codeinstitute.net", "is_staff": false, "is_active": true, "date_joined": "2017-03-30T09:36:17.285Z", "groups": [], "user_permissions": []}}, {"model": "auth.user", "pk": 19, "fields": {"password": "pbkdf2_sha256$30000$vOuGUSwKivPz$/NCFPCD0yhhrCkgR9A302uBVmIZg9zykcQOfoArQY00=", "last_login": null, "is_superuser": false, "username": "kathrin", "first_name": "Kathrin", "last_name": "Schmitz", "email": "KathrinLSchmitz@gmail.com", "is_staff": false, "is_active": true, "date_joined": "2017-03-30T09:45:42.728Z", "groups": [], "user_permissions": []}}, {"model": "auth.user", "pk": 20, "fields": {"password": "pbkdf2_sha256$30000$sIxWHg4EDKIC$mKjuS8x70mpPOE1cVT0WOEwzhGnPzBaA9e2A5Z1TkxY=", "last_login": null, "is_superuser": false, "username": "kathrin2", "first_name": "Kathrin", "last_name": "Schmitz", "email": "KathrinLSchmitz@gmail.com", "is_staff": false, "is_active": true, "date_joined": "2017-03-30T09:48:20.874Z", "groups": [], "user_permissions": []}}, {"model": "auth.user", "pk": 21, "fields": {"password": "pbkdf2_sha256$30000$NVauOfZ2nuOH$aQ96Wfi1vtEKN9Dt5UaHhr7lTwrdma1R2pGoYVtUhTs=", "last_login": "2017-03-30T09:51:48.462Z", "is_superuser": false, "username": "kathrin3", "first_name": "Kathrin", "last_name": "Schmitz", "email": "KathrinLSchmitz@gmail.com", "is_staff": false, "is_active": true, "date_joined": "2017-03-30T09:51:10.904Z", "groups": [], "user_permissions": []}}, {"model": "auth.user", "pk": 22, "fields": {"password": "pbkdf2_sha256$30000$3tbwsMRitMC6$ZLYHXbiNpEt6qowTDdrIkOEY3yWox76BSYOT1Tpz498=", "last_login": null, "is_superuser": false, "username": "Kathrin3", "first_name": "Kathrin", "last_name": "Schmitz", "email": "KathrinLSchmitz@gmail.com", "is_staff": false, "is_active": true, "date_joined": "2017-03-30T09:54:04.954Z", "groups": [], "user_permissions": []}}, {"model": "auth.user", "pk": 23, "fields": {"password": "pbkdf2_sha256$30000$lNgRljBzgHis$oNmMYFlBIF3DSrim4EdQBXjFBpBRu4wWberEbZOGKeY=", "last_login": "2017-09-22T20:09:49.116Z", "is_superuser": true, "username": "Admin", "first_name": "", "last_name": "", "email": "", "is_staff": true, "is_active": true, "date_joined": "2017-03-30T14:09:49.771Z", "groups": [], "user_permissions": []}}, {"model": "auth.user", "pk": 24, "fields": {"password": "pbkdf2_sha256$30000$XCTUPmSTsBUK$ehlN0UWbAtCjks40nAPaWykn1q0xG5YnW1gNeUs2WZg=", "last_login": "2017-10-10T12:47:23.871Z", "is_superuser": false, "username": "Kathrin", "first_name": "Kathrin", "last_name": "Schmitz", "email": "KathrinLSchmitz@gmail.com", "is_staff": false, "is_active": true, "date_joined": "2017-03-30T14:44:38.933Z", "groups": [], "user_permissions": []}}, {"model": "auth.user", "pk": 25, "fields": {"password": "pbkdf2_sha256$30000$HbrwIdW2ddvw$etUG/85bZhiQX1pJpKbijLBwpA2ZeEf52OKi+PuWr5o=", "last_login": "2017-03-31T10:30:25.120Z", "is_superuser": false, "username": "Kathrin160681", "first_name": "Kathrin", "last_name": "Schmitz", "email": "KathrinLSchmitz@gmail.com", "is_staff": false, "is_active": true, "date_joined": "2017-03-31T10:30:23.586Z", "groups": [], "user_permissions": []}}, {"model": "auth.user", "pk": 26, "fields": {"password": "pbkdf2_sha256$30000$h6YA1wQe5kOH$vdVi86IOjNUfFlMdNVaJ1f1m9u/60rQNCKHrcpmEW9w=", "last_login": "2017-06-21T13:48:31.946Z", "is_superuser": false, "username": "Christian", "first_name": "Chris", "last_name": "Guzman", "email": "KathrinLSchmitz@gmail.com", "is_staff": false, "is_active": true, "date_joined": "2017-06-21T13:48:30.949Z", "groups": [], "user_permissions": []}}, {"model": "auth.user", "pk": 27, "fields": {"password": "pbkdf2_sha256$30000$WIpQKU2gQQXE$3Zy4v+CVX84/SjWWhcOb+C1807fxNZWEsW4VxXadd/k=", "last_login": "2017-06-23T12:32:09.425Z", "is_superuser": false, "username": "Laura", "first_name": "Kathrin", "last_name": "Schmitz", "email": "KathrinLSchmitz@gmail.com", "is_staff": false, "is_active": true, "date_joined": "2017-06-23T12:13:32.789Z", "groups": [], "user_permissions": []}}, {"model": "auth.user", "pk": 29, "fields": {"password": "pbkdf2_sha256$30000$zCpt7dLkkrCc$IaYFL5VVf6XzT2cgorVx5SwlLUBCdqkl+6YrmKHZRDg=", "last_login": null, "is_superuser": false, "username": "Testing", "first_name": "Laura", "last_name": "Schmitz", "email": "KathrinLSchmitz@gmail.com", "is_staff": false, "is_active": true, "date_joined": "2017-06-26T13:22:54.616Z", "groups": [], "user_permissions": []}}, {"model": "auth.user", "pk": 30, "fields": {"password": "pbkdf2_sha256$30000$9C95FKdncBZd$Yh8aFjLfP/zhDoM8hBrg4QE356BexnfvheJjK7sybas=", "last_login": "2017-06-26T14:36:07.085Z", "is_superuser": false, "username": "TESTER", "first_name": "Kathrin", "last_name": "Schmitz", "email": "KathrinLSchmitz@gmail.com", "is_staff": false, "is_active": true, "date_joined": "2017-06-26T14:36:06.336Z", "groups": [], "user_permissions": []}}, {"model": "auth.user", "pk": 31, "fields": {"password": "pbkdf2_sha256$30000$qkpi8P4mjvkH$+vDjboyY67qdVgjjgTJyMWHo6G5x3MAb+LxkgSY4yfw=", "last_login": "2017-06-27T13:15:16.453Z", "is_superuser": false, "username": "Kathrin1981", "first_name": "K", "last_name": "S", "email": "KathrinLSchmitz@gmail.com", "is_staff": false, "is_active": true, "date_joined": "2017-06-27T13:15:15.825Z", "groups": [], "user_permissions": []}}, {"model": "auth.user", "pk": 32, "fields": {"password": "pbkdf2_sha256$30000$kDJ6kUCz9h4p$Y7IuY+hV3I2d6JBx07ybr8whuBbSf1L7f5pkfI5V+5Y=", "last_login": "2017-07-03T13:50:25.494Z", "is_superuser": false, "username": "UserA", "first_name": "A", "last_name": "B", "email": "b@beedotom.ie", "is_staff": false, "is_active": true, "date_joined": "2017-06-27T16:53:36.457Z", "groups": [], "user_permissions": []}}, {"model": "auth.user", "pk": 33, "fields": {"password": "pbkdf2_sha256$30000$WlMjERW6OTmB$ss5IkZlL9babsxA26W0kFvTAGuwLTxDBleHA7c7MMSo=", "last_login": "2017-06-28T20:41:12.408Z", "is_superuser": false, "username": "KATHY", "first_name": "Hola", "last_name": "Boola", "email": "KathrinLSchmitz@gmail.com", "is_staff": false, "is_active": true, "date_joined": "2017-06-28T20:41:11.472Z", "groups": [], "user_permissions": []}}, {"model": "auth.user", "pk": 34, "fields": {"password": "pbkdf2_sha256$30000$D89YRbT6nsMg$cULS9A2BEGnMdMYc3I2vpiprIeMDFx6FoJuu4xFNvaw=", "last_login": "2017-09-21T13:43:25.197Z", "is_superuser": false, "username": "Ork", "first_name": "Boo", "last_name": "Boo", "email": "Boo@boo.com", "is_staff": false, "is_active": true, "date_joined": "2017-07-03T12:36:05.553Z", "groups": [], "user_permissions": []}}, {"model": "auth.user", "pk": 35, "fields": {"password": "pbkdf2_sha256$20000$0uuSXiv6W9DS$1jPB5cA6CNItVUUNWdgV+oSpXR2ILuMMEdb6hqGAlGg=", "last_login": "2017-09-15T14:21:55.303Z", "is_superuser": false, "username": "Test20", "first_name": "Kiki", "last_name": "Klusenstin", "email": "KKlustenstein@test.com", "is_staff": false, "is_active": true, "date_joined": "2017-09-15T14:21:54.841Z", "groups": [], "user_permissions": []}}, {"model": "auth.user", "pk": 36, "fields": {"password": "pbkdf2_sha256$30000$cKiLiZAXw8pf$bsjRx6mjK+mNScrLeaPODwixfP7RJtc/uModvQ0UUUM=", "last_login": "2017-09-20T14:35:50.563Z", "is_superuser": false, "username": "Kiki", "first_name": "K", "last_name": "S", "email": "KLS@KLS.com", "is_staff": false, "is_active": true, "date_joined": "2017-09-20T13:16:27.927Z", "groups": [], "user_permissions": []}}, {"model": "auth.user", "pk": 37, "fields": {"password": "pbkdf2_sha256$30000$E5mmooCrZlVH$N+fBsoyPwiA2M1Gbaho0GrhBFCixnZjw2WDaFRx1wl8=", "last_login": "2017-09-21T12:17:03.799Z", "is_superuser": false, "username": "JarJar", "first_name": "Bing", "last_name": "Starwars", "email": "Galaxy@milkyway.com", "is_staff": false, "is_active": true, "date_joined": "2017-09-21T12:17:03.156Z", "groups": [], "user_permissions": []}}, {"model": "profiles.userprofile", "pk": 2, "fields": {"user": 34, "height": 150, "weight": 300, "goals": "Health", "photo": "images/Member_3.jpg"}}, {"model": "profiles.userprofile", "pk": 32, "fields": {"user": 32, "height": 100, "weight": 120, "goals": "Happiness", "photo": "images/Member_1.jpg"}}, {"model": "profiles.userprofile", "pk": 33, "fields": {"user": 24, "height": 190, "weight": 80, "goals": "HEALTH", "photo": "images/bruce.jpg"}}, {"model": "profiles.userprofile", "pk": 34, "fields": {"user": 23, "height": 100, "weight": 99, "goals": "Admin Pofile", "photo": ""}}, {"model": "profiles.userprofile", "pk": 35, "fields": {"user": 35, "height": 180, "weight": 100, "goals": "Health", "photo": ""}}, {"model": "profiles.userprofile", "pk": 36, "fields": {"user": 36, "height": 180, "weight": 100, "goals": "HEALTH", "photo": ""}}, {"model": "profiles.userprofile", "pk": 37, "fields": {"user": 37, "height": null, "weight": null, "goals": "", "photo": ""}}, {"model": "blog.post", "pk": 1, "fields": {"author": 24, "title": "My journey to date", "content": "Hiya all - I have been training with Alan for the past year and have made great progress. I can highly recommend the 'Body Transformation for Her' Service and will definitely stick to their customized 'Optimum Nutrition Plan'. \r\nIt works!", "created_date": "2017-03-31T15:31:35.963Z", "published_date": "2017-03-31T23:13:38.276Z", "views": 16, "tag": "#fitness #fitfam", "image": ""}}, {"model": "blog.post", "pk": 2, "fields": {"author": 25, "title": "Operation Transformation", "content": "After months of not going to the gym I have started the transformation package for her and I love the service Naomh and Gary are providing. This holistic approach works!", "created_date": "2017-04-03T14:27:34.668Z", "published_date": "2017-04-03T14:26:16Z", "views": 7, "tag": "#fitlive #happiness", "image": ""}}, {"model": "blog.post", "pk": 3, "fields": {"author": 24, "title": "The road not taken", "content": "and that has made all the difference! Perseverance and the support from the team have got me to complete my first half-marathon. Gary's guidance. Naomh's kick ass approach helped me to stick with it! Thank you and I can only recommend you lot to anyone who isn't where they want to be with their fitness level and requires help! LOVE the LF FAM!!!!", "created_date": "2017-04-04T11:56:10.257Z", "published_date": "2017-04-04T11:54:52Z", "views": 10, "tag": "#transformation", "image": "images/Logo.png"}}, {"model": "blog.post", "pk": 4, "fields": {"author": 24, "title": "More to this", "content": "...than just the obvious. We live. We learn. We fail. We get back up.", "created_date": "2017-06-20T12:11:04.609Z", "published_date": "2017-09-26T14:02:01.975Z", "views": 19, "tag": "", "image": ""}}, {"model": "blog.post", "pk": 5, "fields": {"author": 24, "title": "Live less lived...", "content": "It is truly a life not lived at all. Go enjoy, be you and make the best version of yourself. That is the lesson that includes embracing frailty, finitude and transcendence. Overall the human condition is to be a humbled by pain and suffering. This blog is basically a perfect example of a brain dump....", "created_date": "2017-06-20T12:15:12.463Z", "published_date": "2017-05-08T12:15:08Z", "views": 2, "tag": "", "image": ""}}, {"model": "blog.post", "pk": 6, "fields": {"author": 24, "title": "My favourite cheat meal", "content": "Must be paleo bars these days.... Nuts are  providing essential fatty acids, potassium, B Vitamins and all that is needed to build your brain power and neuro-muscular  baseline to perform at your best. But hey I admit ice cream Mars bars have brilliant macros! Compare them to the non frozen one and you will agree with me! Whoop whoop... summer treat....", "created_date": "2017-06-20T12:18:14.869Z", "published_date": "2017-05-25T12:18:12Z", "views": 5, "tag": "", "image": ""}}, {"model": "blog.post", "pk": 7, "fields": {"author": 24, "title": "Fitness leggings!", "content": "Oh boy.... have you have noticed too late that your leggings are definitely not squat proof... Always test in the store before buying or read online product reviews! If you have unfortunately made the mistake and are now stuck with a pair - a good remedy is to layer with a tight short underneath or a second pair that is not as dense of a material... layer up.... And remember we have all been there!", "created_date": "2017-06-20T12:20:50.696Z", "published_date": "2017-05-07T12:20:48Z", "views": 1, "tag": "", "image": ""}}, {"model": "blog.post", "pk": 8, "fields": {"author": 24, "title": "WHOOOOAAAARRRRRRRR", "content": "Motivation and depression. Probably the dichotomy of our times, but we live in a day and age where insta perfection and social media filters blur the realities of being a fallible human that is not a machine. Youthful ignorance is bliss until life throws you a curveball. Make your lemonade and hey if that lemonade takes you longer to make, what counts is that you have not given up trying!", "created_date": "2017-06-20T12:23:45.577Z", "published_date": "2017-04-18T12:23:40Z", "views": 0, "tag": "", "image": ""}}, {"model": "blog.post", "pk": 9, "fields": {"author": 24, "title": "Thoreau knew", "content": "Read this and think out loud with your friends and family....", "created_date": "2017-06-20T12:30:59.986Z", "published_date": "2017-09-26T14:02:28.248Z", "views": 29, "tag": "#Walden", "image": "images/Screenshot_2017-06-20_13.27.01.png"}}, {"model": "blog.post", "pk": 10, "fields": {"author": 24, "title": "Hohey", "content": "Another post for the wall :)))) This time a bit of a ramble", "created_date": "2017-06-29T12:18:34.678Z", "published_date": "2017-09-26T14:00:24.325Z", "views": 14, "tag": "#lifestyleisfitness #IRELAND", "image": ""}}, {"model": "blog.post", "pk": 11, "fields": {"author": 24, "title": "A post from Kathrin", "content": "This is to demonstrate the edit function appearing based on author of the post. EDIT", "created_date": "2017-07-05T17:27:05.932Z", "published_date": "2017-09-26T13:58:41.730Z", "views": 36, "tag": "#fit4life #GOGOGO", "image": ""}}, {"model": "blog.post", "pk": 12, "fields": {"author": 34, "title": "This is a post from Ork", "content": "This in contrast with the 'Kathrin' User will demonstrate how there is a restriction of the edit function on a post to the actual signed in auth user.", "created_date": "2017-07-06T17:18:40.028Z", "published_date": "2017-07-06T17:18:40.028Z", "views": 15, "tag": null, "image": ""}}, {"model": "cart.cartitem", "pk": 15, "fields": {"user": 23, "service": 2, "quantity": 1}}, {"model": "cart.cartitem", "pk": 20, "fields": {"user": 34, "service": 3, "quantity": 3}}, {"model": "cart.cartitem", "pk": 28, "fields": {"user": 36, "service": 3, "quantity": 1}}, {"model": "admin.logentry", "pk": 1, "fields": {"action_time": "2017-03-28T13:20:44.179Z", "user": 1, "content_type": 7, "object_id": "1", "object_repr": "Floh Schmitz", "action_flag": 1, "change_message": "[{\"added\": {}}]"}}, {"model": "admin.logentry", "pk": 2, "fields": {"action_time": "2017-03-28T14:04:31.938Z", "user": 1, "content_type": 7, "object_id": "1", "object_repr": "Floh Schmitz", "action_flag": 2, "change_message": "[{\"changed\": {\"fields\": [\"photo\"]}}]"}}, {"model": "admin.logentry", "pk": 3, "fields": {"action_time": "2017-03-28T14:05:20.537Z", "user": 1, "content_type": 7, "object_id": "2", "object_repr": "Marie-Therese Schmitz", "action_flag": 1, "change_message": "[{\"added\": {}}]"}}, {"model": "admin.logentry", "pk": 4, "fields": {"action_time": "2017-03-28T14:06:56.587Z", "user": 1, "content_type": 7, "object_id": "3", "object_repr": "Mana Sedigh", "action_flag": 1, "change_message": "[{\"added\": {}}]"}}, {"model": "admin.logentry", "pk": 5, "fields": {"action_time": "2017-03-28T14:58:05.798Z", "user": 1, "content_type": 7, "object_id": "3", "object_repr": "Mana Sedigh", "action_flag": 2, "change_message": "[]"}}, {"model": "admin.logentry", "pk": 6, "fields": {"action_time": "2017-03-28T15:24:32.594Z", "user": 1, "content_type": 7, "object_id": "1", "object_repr": "Floh Schmitz", "action_flag": 2, "change_message": "[{\"changed\": {\"fields\": [\"photo\"]}}]"}}, {"model": "admin.logentry", "pk": 7, "fields": {"action_time": "2017-03-28T15:24:45.918Z", "user": 1, "content_type": 7, "object_id": "2", "object_repr": "Marie-Therese Schmitz", "action_flag": 2, "change_message": "[{\"changed\": {\"fields\": [\"photo\"]}}]"}}, {"model": "admin.logentry", "pk": 8, "fields": {"action_time": "2017-03-28T15:24:54.457Z", "user": 1, "content_type": 7, "object_id": "3", "object_repr": "Mana Sedigh", "action_flag": 2, "change_message": "[{\"changed\": {\"fields\": [\"photo\"]}}]"}}, {"model": "admin.logentry", "pk": 9, "fields": {"action_time": "2017-03-30T14:10:29.051Z", "user": 23, "content_type": 7, "object_id": "3", "object_repr": "Mana Sedigh", "action_flag": 2, "change_message": "[{\"changed\": {\"fields\": [\"email\"]}}]"}}, {"model": "admin.logentry", "pk": 10, "fields": {"action_time": "2017-03-31T15:14:57.438Z", "user": 23, "content_type": 11, "object_id": "1", "object_repr": "Body Transformation for Her", "action_flag": 1, "change_message": "[{\"added\": {}}]"}}, {"model": "admin.logentry", "pk": 11, "fields": {"action_time": "2017-03-31T15:15:33.798Z", "user": 23, "content_type": 11, "object_id": "1", "object_repr": "Body Transformation for Her", "action_flag": 2, "change_message": "[{\"changed\": {\"fields\": [\"description\"]}}]"}}, {"model": "admin.logentry", "pk": 12, "fields": {"action_time": "2017-03-31T15:15:52.264Z", "user": 23, "content_type": 11, "object_id": "2", "object_repr": "Body Transformation for Him", "action_flag": 1, "change_message": "[{\"added\": {}}]"}}, {"model": "admin.logentry", "pk": 13, "fields": {"action_time": "2017-03-31T15:20:20.371Z", "user": 23, "content_type": 11, "object_id": "3", "object_repr": "Half-Marathon or Marathon Prep", "action_flag": 1, "change_message": "[{\"added\": {}}]"}}, {"model": "admin.logentry", "pk": 14, "fields": {"action_time": "2017-03-31T15:21:40.135Z", "user": 23, "content_type": 11, "object_id": "4", "object_repr": "Personal Training", "action_flag": 1, "change_message": "[{\"added\": {}}]"}}, {"model": "admin.logentry", "pk": 15, "fields": {"action_time": "2017-03-31T15:31:36.033Z", "user": 23, "content_type": 10, "object_id": "1", "object_repr": "My journey to date", "action_flag": 1, "change_message": "[{\"added\": {}}]"}}, {"model": "admin.logentry", "pk": 16, "fields": {"action_time": "2017-03-31T23:25:29.832Z", "user": 23, "content_type": 11, "object_id": "4", "object_repr": "Personal Training", "action_flag": 2, "change_message": "[{\"changed\": {\"fields\": [\"photo\"]}}]"}}, {"model": "admin.logentry", "pk": 17, "fields": {"action_time": "2017-03-31T23:25:51.135Z", "user": 23, "content_type": 11, "object_id": "3", "object_repr": "Half-Marathon or Marathon Prep", "action_flag": 2, "change_message": "[{\"changed\": {\"fields\": [\"photo\"]}}]"}}, {"model": "admin.logentry", "pk": 18, "fields": {"action_time": "2017-03-31T23:26:03.221Z", "user": 23, "content_type": 11, "object_id": "2", "object_repr": "Body Transformation for Him", "action_flag": 2, "change_message": "[{\"changed\": {\"fields\": [\"photo\"]}}]"}}, {"model": "admin.logentry", "pk": 19, "fields": {"action_time": "2017-03-31T23:26:16.616Z", "user": 23, "content_type": 11, "object_id": "1", "object_repr": "Body Transformation for Her", "action_flag": 2, "change_message": "[{\"changed\": {\"fields\": [\"photo\"]}}]"}}, {"model": "admin.logentry", "pk": 20, "fields": {"action_time": "2017-04-01T15:03:05.590Z", "user": 23, "content_type": 11, "object_id": "4", "object_repr": "Personal Training", "action_flag": 2, "change_message": "[{\"changed\": {\"fields\": [\"photo\"]}}]"}}, {"model": "admin.logentry", "pk": 21, "fields": {"action_time": "2017-04-01T15:03:15.122Z", "user": 23, "content_type": 11, "object_id": "3", "object_repr": "Half-Marathon or Marathon Prep", "action_flag": 2, "change_message": "[{\"changed\": {\"fields\": [\"photo\"]}}]"}}, {"model": "admin.logentry", "pk": 22, "fields": {"action_time": "2017-04-01T15:03:23.237Z", "user": 23, "content_type": 11, "object_id": "2", "object_repr": "Body Transformation for Him", "action_flag": 2, "change_message": "[{\"changed\": {\"fields\": [\"photo\"]}}]"}}, {"model": "admin.logentry", "pk": 23, "fields": {"action_time": "2017-04-01T15:03:31.042Z", "user": 23, "content_type": 11, "object_id": "1", "object_repr": "Body Transformation for Her", "action_flag": 2, "change_message": "[{\"changed\": {\"fields\": [\"photo\"]}}]"}}, {"model": "admin.logentry", "pk": 24, "fields": {"action_time": "2017-04-03T14:27:34.707Z", "user": 23, "content_type": 10, "object_id": "2", "object_repr": "Operation Transformation", "action_flag": 1, "change_message": "[{\"added\": {}}]"}}, {"model": "admin.logentry", "pk": 25, "fields": {"action_time": "2017-04-03T14:28:21.604Z", "user": 23, "content_type": 10, "object_id": "2", "object_repr": "Operation Transformation", "action_flag": 2, "change_message": "[{\"changed\": {\"fields\": [\"image\"]}}]"}}, {"model": "admin.logentry", "pk": 26, "fields": {"action_time": "2017-04-04T11:56:10.285Z", "user": 23, "content_type": 10, "object_id": "3", "object_repr": "The road not taken", "action_flag": 1, "change_message": "[{\"added\": {}}]"}}, {"model": "admin.logentry", "pk": 27, "fields": {"action_time": "2017-06-20T12:11:04.610Z", "user": 23, "content_type": 10, "object_id": "4", "object_repr": "More to this", "action_flag": 1, "change_message": "[{\"added\": {}}]"}}, {"model": "admin.logentry", "pk": 28, "fields": {"action_time": "2017-06-20T12:15:12.498Z", "user": 23, "content_type": 10, "object_id": "5", "object_repr": "Live less lived...", "action_flag": 1, "change_message": "[{\"added\": {}}]"}}, {"model": "admin.logentry", "pk": 29, "fields": {"action_time": "2017-06-20T12:18:14.870Z", "user": 23, "content_type": 10, "object_id": "6", "object_repr": "My favourite cheat meal", "action_flag": 1, "change_message": "[{\"added\": {}}]"}}, {"model": "admin.logentry", "pk": 30, "fields": {"action_time": "2017-06-20T12:20:50.696Z", "user": 23, "content_type": 10, "object_id": "7", "object_repr": "Fitness leggings!", "action_flag": 1, "change_message": "[{\"added\": {}}]"}}, {"model": "admin.logentry", "pk": 31, "fields": {"action_time": "2017-06-20T12:23:45.578Z", "user": 23, "content_type": 10, "object_id": "8", "object_repr": "WHOOOOAAAARRRRRRRR", "action_flag": 1, "change_message": "[{\"added\": {}}]"}}, {"model": "admin.logentry", "pk": 32, "fields": {"action_time": "2017-06-20T12:31:00.148Z", "user": 23, "content_type": 10, "object_id": "9", "object_repr": "Thoreau knew", "action_flag": 1, "change_message": "[{\"added\": {}}]"}}, {"model": "admin.logentry", "pk": 33, "fields": {"action_time": "2017-06-20T12:31:19.098Z", "user": 23, "content_type": 10, "object_id": "9", "object_repr": "Thoreau knew", "action_flag": 2, "change_message": "[{\"changed\": {\"fields\": [\"image\"]}}]"}}, {"model": "admin.logentry", "pk": 34, "fields": {"action_time": "2017-06-23T13:43:37.970Z", "user": 23, "content_type": 3, "object_id": "28", "object_repr": "TestKS", "action_flag": 3, "change_message": ""}}, {"model": "admin.logentry", "pk": 35, "fields": {"action_time": "2017-07-04T15:29:24.224Z", "user": 23, "content_type": 11, "object_id": "5", "object_repr": "Hell and Back", "action_flag": 1, "change_message": "[{\"added\": {}}]"}}, {"model": "admin.logentry", "pk": 36, "fields": {"action_time": "2017-07-04T15:31:58.309Z", "user": 23, "content_type": 11, "object_id": "6", "object_repr": "Functional Training", "action_flag": 1, "change_message": "[{\"added\": {}}]"}}, {"model": "admin.logentry", "pk": 37, "fields": {"action_time": "2017-07-04T15:32:14.689Z", "user": 23, "content_type": 11, "object_id": "6", "object_repr": "Functional Training", "action_flag": 2, "change_message": "[{\"changed\": {\"fields\": [\"photo\"]}}]"}}, {"model": "admin.logentry", "pk": 38, "fields": {"action_time": "2017-07-06T17:19:47.702Z", "user": 23, "content_type": 10, "object_id": "13", "object_repr": "This is a post from Ork", "action_flag": 3, "change_message": ""}}]